imageSource,count
BAP386-2.jpg,19
SAP33-2.jpg,18
SAP33-1.jpg,17
SAP266-1.jpg,32
SAP266-2.jpg,31
SAP39-1.jpg,28
BAP009_white_bd_dish_300dpi.jpg,19
BAP009_brown_bd_dish_packet_300dpi.jpg,21
BAP009_white_bd_dish_packet_300dpi.jpg,21
BAP016_brown_bd_dish_300dpi.jpg,11
BAP016_brown_bd_dish_packet_300dpi.jpg,11
BAP016_no_dish_brown_bd_300dpi.jpg,9
BAP016_no_dish_brown_bd_packet_300dpi.jpg,27
BAP016_white_bd_dish_300dpi.jpg,13
BAP016_white_bd_dish_packet_300dpi.jpg,11
BAP016_white_bd_no_dish_packet_300dpi.jpg,10
BTX623_upper_quad_white_bd_no_dish_300dpi.jpg,12
BTX623_upper_quad_brown_bd_no_dish_300dpi.jpg,9
BAP016_white_bd_no_dish_300dpi.jpg,12
BTx623_brown_bd_dish_300dpi.jpg,37
BTx623_dish_drape_in.jpg,10
BTx623_no_dish_brown_bd_300dpi.jpg,15
BTx623_dish_drape_out.jpg,10
BTx623_no_dish_brown_bd_600dpi.jpg,7
BTx623_no_dish_drape_in.jpg,10
BTx623_no_dish_drape_out.jpg,10
BTx623_no_dish_white_bd_600dpi.jpg,17
BTx623_no_dish_white_bd_300dpi.jpg,16
BTx623_white_dish_300dpi.jpg,18
Bap016_dish_drape_in.jpg,11
Bap016_dish_drape_out.jpg,11
Bap016_no_dish_drape_in.jpg,11
Bap016_no_dish_drape_out.jpg,11
Bap024_dish_drape_in.jpg,10
Bap024_dish_drape_out.jpg,10
Bap024_no_dish_drape_out.jpg,10
Bap024_no_dish_drape_in.jpg,10
BAP307-1.jpg,9
BAP303-2.jpg,15
BAP306-1.jpg,14
BAP305-1.jpg,14
BAP311-1.jpg,18
BAP303-1.jpg,15
BAP311-2.jpg,19
BAP301-1.jpg,19
BAP312-2.jpg,13
BAP301-2.jpg,19
BAP314-2.jpg,19
BAP312-1.jpg,17
BAP308-1.jpg,17
BAP306-2.jpg,15
BAP315-1.jpg,13
BAP313-1.jpg,15
BAP308-2.jpg,17
BAP314-1.jpg,6
BAP307-2.jpg,19
BAP317-2.jpg,14
BAP321-1.jpg,9
BAP324-1.jpg,7
BAP327-1.jpg,13
BAP322-1.jpg,14
BAP322-2.jpg,18
BAP313-2.jpg,17
BAP317-1.jpg,16
BAP319-1.jpg,16
BAP315-2.jpg,16
BAP327-2.jpg,23
BAP329-1.jpg,9
BAP319-2.jpg,15
BAP328-2.jpg,7
BAP330-1.jpg,17
BAP325-2.jpg,20
BAP321-2.jpg,13
BAP320-1.jpg,15
BAP333-2.jpg,14
BAP323-1.jpg,19
BAP328-1.jpg,9
BAP320-2.jpg,16
BAP324-2.jpg,13
BAP325-1.jpg,16
BAP323-2.jpg,19
BAP329-2.jpg,12
BAP332-2.jpg,16
BAP332-1.jpg,9
BAP331-1.jpg,17
BAP336-1.jpg,16
BAP337-1.jpg,15
BAP331-2.jpg,15
BAP330-2.jpg,17
BAP341-2.jpg,19
BAP336-2.jpg,16
BAP333-1.jpg,16
BAP349-2.jpg,6
BAP338-2.jpg,15
BAP349-1.jpg,22
BAP337-2.jpg,16
BAP338-1.jpg,15
BAP340-1.jpg,15
BAP340-2.jpg,14
BAP346-2.jpg,19
BAP341-1.jpg,17
BAP346-1.jpg,19
BTX623_upper_quad_white_bd_no_dish_600dpi.jpg,7
BAP386-1.jpg,27
BAP112-2.jpg,18
BAP116-1.jpg,17
BAP115-2.jpg,19
BAP116-2.jpg,17
BAP114-2.jpg,20
BAP113-2.jpg,20
BAP113-1.jpg,20
BAP114-1.jpg,18
BAP119-1.jpg,22
BAP123-2.jpg,20
BAP120-1.jpg,15
BAP123-1.jpg,22
BAP119-2.jpg,22
BAP112-1.jpg,13
BAP115-1.jpg,20
BAP120-2.jpg,15
BAP134-2.jpg,18
BAP133-1.jpg,21
BAP137-2.jpg,19
BAP132-1.jpg,19
BAP132-2.jpg,17
BAP133-2.jpg,20
BAP134-1.jpg,20
BAP140-1.jpg,19
BAP139-2.jpg,17
BAP137-1.jpg,19
BAP142-2.jpg,9
BAP140-2.jpg,19
BAP139-1.jpg,17
BAP142-1.jpg,9
BAP149-1.jpg,13
BAP151-2.jpg,18
BAP150-2.jpg,19
BAP149-2.jpg,13
BAP153-2.jpg,15
BAP152-2.jpg,18
BAP157-2.jpg,14
BAP155-1.jpg,20
BAP150-1.jpg,19
BAP151-1.jpg,18
BAP160-2.jpg,18
BAP158-1.jpg,15
BAP162-1.jpg,20
BAP157-1.jpg,13
BAP160-1.jpg,18
BAP164-1.jpg,17
BAP164-2.jpg,17
BAP156-1.jpg,15
BAP161-1.jpg,19
BAP152-1.jpg,18
BAP153-1.jpg,15
BAP158-2.jpg,17
BAP159-2.jpg,14
BAP166-2.jpg,14
BAP161-2.jpg,19
BAP169-2.jpg,20
BAP169-1.jpg,20
BAP166-1.jpg,14
BAP162-2.jpg,20
BAP156-2.jpg,15
BAP159-1.jpg,14
BAP170-1.jpg,13
BAP167-2.jpg,15
BAP182-1.jpg,12
BAP172-1.jpg,14
BAP180-1.jpg,12
BAP176-2.jpg,12
BAP168-1.jpg,20
BAP179-1.jpg,13
BAP184-1.jpg,12
BAP182-2.jpg,15
BAP168-2.jpg,20
BAP184-2.jpg,8
BAP172-2.jpg,9
BAP187-2.jpg,15
BAP193-2.jpg,18
BAP190-1.jpg,12
BAP179-2.jpg,13
BAP188-1.jpg,16
BAP189-2.jpg,10
BAP195-2.jpg,8
BAP194-1.jpg,12
BAP191-2.jpg,13
BAP178-1.jpg,14
BAP191-1.jpg,13
BAP177-2.jpg,16
BAP176-1.jpg,12
BAP196-2.jpg,11
BAP196-1.jpg,13
BAP192-1.jpg,12
BAP188-2.jpg,14
BAP167-1.jpg,15
BAP197-2.jpg,8
BAP187-1.jpg,15
BAP192-2.jpg,12
BAP189-1.jpg,12
BAP197-1.jpg,8
BAP193-1.jpg,16
BAP203-1.jpg,14
BAP199-1.jpg,19
BAP195-1.jpg,12
BAP205-2.jpg,7
BAP194-2.jpg,15
BAP204-1.jpg,17
BAP199-2.jpg,17
BAP205-1.jpg,12
BAP202-1.jpg,14
BAP170-2.jpg,13
BAP200-2.jpg,14
BAP207-1.jpg,21
BAP208-1.jpg,13
BAP208-2.jpg,15
BAP215-1.jpg,17
BAP206-1.jpg,14
BAP207-2.jpg,21
BAP190-2.jpg,12
BAP204-2.jpg,21
BAP218-2.jpg,16
BAP203-2.jpg,15
BAP200-1.jpg,14
BAP218-1.jpg,16
BAP202-2.jpg,14
BAP219-1.jpg,15
BAP180-2.jpg,15
BAP227-2.jpg,18
BAP223-1.jpg,10
BAP206-2.jpg,14
BAP232-1.jpg,17
BAP230-2.jpg,8
BAP178-2.jpg,14
BAP227-1.jpg,25
BAP226-1.jpg,6
BAP219-2.jpg,13
BAP223-2.jpg,15
BAP215-2.jpg,20
BAP237-2.jpg,13
BAP237-1.jpg,12
BAP231-1.jpg,13
BAP230-1.jpg,9
BAP239-2.jpg,10
BAP236-2.jpg,13
BAP233-2.jpg,12
BAP234-1.jpg,13
BAP231-2.jpg,17
BAP238-2.jpg,10
BAP233-1.jpg,9
BAP241-1.jpg,21
BAP236-1.jpg,13
BAP238-1.jpg,8
BAP242-2.jpg,18
BAP228-1.jpg,25
BAP232-2.jpg,12
BAP228-2.jpg,18
BAP247-2.jpg,15
BAP226-2.jpg,14
BAP244-1.jpg,7
BAP246-1.jpg,19
BAP245-1.jpg,13
BAP244-2.jpg,17
BAP239-1.jpg,21
BAP248-1.jpg,19
BAP243-2.jpg,19
BAP256-1.jpg,12
BAP248-2.jpg,21
BAP258-2.jpg,8
BAP253-2.jpg,12
BAP259-1.jpg,12
BAP260-2.jpg,9
BAP246-2.jpg,19
BAP256-2.jpg,18
BAP259-2.jpg,9
BAP245-2.jpg,21
BAP234-2.jpg,13
BAP254-1.jpg,9
BAP253-1.jpg,18
BAP242-1.jpg,18
BAP241-2.jpg,21
BAP258-1.jpg,23
BAP257-1.jpg,24
BAP263-2.jpg,18
BAP264-2.jpg,23
BAP257-2.jpg,24
BAP269-2.jpg,18
BAP271-1.jpg,23
BAP268-2.jpg,20
BAP254-2.jpg,15
BAP280-1.jpg,11
BAP260-1.jpg,17
BAP274-2.jpg,21
BAP264-1.jpg,23
BAP261-1.jpg,17
BAP277-1.jpg,15
BAP261-2.jpg,17
BAP282-2.jpg,13
BAP273-2.jpg,17
BAP286-1.jpg,14
BAP281-1.jpg,14
BAP277-2.jpg,15
BAP279-2.jpg,17
BAP243-1.jpg,19
BAP273-1.jpg,11
BAP263-1.jpg,18
BAP282-1.jpg,25
BAP275-1.jpg,18
BAP284-2.jpg,22
BAP283-2.jpg,23
BAP278-1.jpg,12
BAP276-2.jpg,20
BAP284-1.jpg,18
BAP292-1.jpg,12
BAP290-1.jpg,16
BAP291-2.jpg,17
BAP291-1.jpg,7
BAP288-1.jpg,29
BAP268-1.jpg,20
BAP294-1.jpg,16
BAP293-1.jpg,20
BAP276-1.jpg,17
BAP290-2.jpg,14
BAP283-1.jpg,23
BAP281-2.jpg,20
BAP296-2.jpg,20
BAP296-1.jpg,10
BAP278-2.jpg,18
BAP269-1.jpg,18
BAP271-2.jpg,23
BAP294-2.jpg,16
BAP022-1.jpg,20
BAP298-2.jpg,26
BAP274-1.jpg,21
BAP300-1.jpg,19
BAP289-2.jpg,18
BAP300-2.jpg,19
BAP288-2.jpg,29
BAP117-1.jpg,20
BAP292-2.jpg,26
BAP121-1.jpg,28
BAP122-2.jpg,47
BAP298-1.jpg,13
BAP289-1.jpg,18
BAP118-1.jpg,45
BAP122-1.jpg,57
BAP126-1.jpg,20
BAP125-2.jpg,37
BAP127-1.jpg,21
BAP293-2.jpg,20
BAP118-2.jpg,33
BAP126-2.jpg,37
BAP130-2.jpg,36
BAP129-1.jpg,27
BAP129-2.jpg,27
BAP117-2.jpg,26
BAP130-1.jpg,28
BAP146-1.jpg,32
BAP135-2.jpg,34
BAP144-2.jpg,31
BAP121-2.jpg,11
BAP141-1.jpg,43
BAP125-1.jpg,36
BAP136-1.jpg,50
BAP147-1.jpg,19
BAP148-1.jpg,39
BAP124-2.jpg,38
BAP148-2.jpg,34
BAP174-2.jpg,36
BAP127-2.jpg,33
BAP154-1.jpg,26
BAP124-1.jpg,38
BAP131-1.jpg,26
BAP163-1.jpg,22
BAP181-1.jpg,25
BAP175-1.jpg,43
BAP143-1.jpg,33
BAP186-1.jpg,42
BAP210-1.jpg,33
BAP198-1.jpg,28
BAP181-2.jpg,24
BAP138-2.jpg,41
BAP145-2.jpg,30
BAP136-2.jpg,43
BAP213-1.jpg,39
BAP145-1.jpg,26
BAP147-2.jpg,18
BAP201-1.jpg,40
BAP146-2.jpg,32
BAP141-2.jpg,54
BAP128-1.jpg,27
BAP198-2.jpg,33
BAP111-2.jpg,24
BAP144-1.jpg,30
BAP138-1.jpg,43
BAP222-1.jpg,14
BAP221-1.jpg,36
BAP212-1.jpg,31
BAP135-1.jpg,40
BAP210-2.jpg,23
BAP174-1.jpg,36
BAP186-2.jpg,31
BAP154-2.jpg,21
BAP216-1.jpg,43
BAP214-1.jpg,24
BAP220-1.jpg,25
BAP220-2.jpg,29
BAP214-2.jpg,30
BAP201-2.jpg,37
BAP143-2.jpg,36
BAP212-2.jpg,30
BAP171-1.jpg,36
BAP224-1.jpg,25
BAP165-2.jpg,29
BAP224-2.jpg,17
BAP222-2.jpg,19
BAP217-1.jpg,19
BAP240-2.jpg,14
BAP262-1.jpg,35
BAP265-2.jpg,32
BAP229-1.jpg,17
BAP225-2.jpg,17
BAP250-2.jpg,18
BAP249-2.jpg,41
BAP249-1.jpg,38
BAP171-2.jpg,40
BAP251-1.jpg,31
BAP262-2.jpg,38
BAP225-1.jpg,27
BAP250-1.jpg,22
BAP229-2.jpg,22
BAP251-2.jpg,31
BAP216-2.jpg,33
BAP255-2.jpg,24
BAP213-2.jpg,33
BAP235-1.jpg,13
BAP252-1.jpg,38
BAP240-1.jpg,13
BAP252-2.jpg,29
BAP255-1.jpg,31
BAP265-1.jpg,33
BAP360-2.jpg,24
BAP360-1.jpg,22
BAP372-1.jpg,32
BAP374-1.jpg,21
BAP378-2.jpg,23
BAP374-2.jpg,25
BAP379-1.jpg,20
BAP379-2.jpg,22
BAP382-1.jpg,10
BAP384-1.jpg,13
BAP285-1.jpg,17
BAP266-1.jpg,16
BAP270-2.jpg,17
BAP267-2.jpg,17
BAP382-2.jpg,13
BAP295-2.jpg,19
BAP297-2.jpg,12
BAP372-2.jpg,24
BAP383-2.jpg,23
BAP270-1.jpg,20
BAP384-2.jpg,25
BAP380-2.jpg,21
BAP383-1.jpg,18
BAP302-2.jpg,15
BAP302-1.jpg,15
BAP299-1.jpg,15
BAP297-1.jpg,14
BAP310-2.jpg,16
BAP310-1.jpg,16
BAP334-2.jpg,17
BAP380-1.jpg,26
BAP342-1.jpg,20
BAP267-1.jpg,17
BAP378-1.jpg,20
BAP285-2.jpg,17
BAP342-2.jpg,20
BAP295-1.jpg,19
BAP344-2.jpg,19
BAP345-2.jpg,16
BAP316-1.jpg,17
BAP318-2.jpg,17
BAP272-2.jpg,16
BAP309-2.jpg,17
BAP299-2.jpg,15
BAP326-1.jpg,18
BAP354-2.jpg,22
BAP348-2.jpg,21
BAP357-1.jpg,15
BAP287-2.jpg,16
BAP355-1.jpg,24
BAP316-2.jpg,17
BAP356-1.jpg,22
BAP355-2.jpg,24
BAP318-1.jpg,17
BAP309-1.jpg,17
BAP351-1.jpg,21
BAP334-1.jpg,17
BAP358-2.jpg,17
BAP348-1.jpg,21
BAP358-1.jpg,17
BAP352-1.jpg,47
BAP326-2.jpg,18
BAP347-1.jpg,18
BAP359-1.jpg,26
BAP339-2.jpg,17
BAP344-1.jpg,19
BAP361-2.jpg,23
BAP352-2.jpg,38
BAP347-2.jpg,18
BAP364-2.jpg,17
BAP363-1.jpg,12
BAP356-2.jpg,22
BAP369-2.jpg,21
BAP351-2.jpg,21
BAP370-2.jpg,18
BAP370-1.jpg,18
BAP371-2.jpg,22
BAP353-2.jpg,20
BAP350-2.jpg,32
BAP357-2.jpg,15
BAP366-2.jpg,16
BAP350-1.jpg,27
BAP335-1.jpg,18
BAP369-1.jpg,21
BAP359-2.jpg,26
BAP373-2.jpg,21
BAP385-1.jpg,17
BAP376-1.jpg,24
BAP361-1.jpg,21
BAP339-1.jpg,18
BAP009-nodish-bb-5.jpg,36
BAP367-1.jpg,23
BAP377-1.jpg,21
BAP335-2.jpg,18
BAP376-2.jpg,24
BAP032-nodish-bb-4.jpg,31
BAP032-nodish-bb-5.jpg,31
BAP364-1.jpg,17
BAP373-1.jpg,29
BAP362-1.jpg,22
BAP375-2.jpg,23
BAP365-1.jpg,22
BAP032-dish-bb-2.jpg,27
BAP032-dish-bb-3.jpg,28
BAP032-dish-bb-1.jpg,20
BAP016-nodish-wb-1.jpg,27
BAP368-1.jpg,21
BAP032-dish-bb-5.jpg,24
BAP371-1.jpg,22
BAP018-dish-bb-3.jpg,29
BAP032-nodish-bb-1.jpg,31
BAP381-1.jpg,19
BAP032-nodish-bb-2.jpg,25
BAP016-nodish-bb-1.jpg,25
BAP385-2.jpg,17
BAP024-dish-bb-2.jpg,19
BAP016-nodish-wb-3.jpg,26
BAP032-nodish-bb-3.jpg,27
BAP016-nodish-bb-4.jpg,33
BAP016-nodish-bb-3.jpg,25
BAP032-dish-bb-4.jpg,31
BAP016-dish-bb-3.jpg,16
BAP016-dish-bb-4.jpg,29
BAP018-dish-bb-1.jpg,21
BAP363-2.jpg,14
BAP016-nodish-wb-2.jpg,26
BAP024-dish-bb-1.jpg,18
BAP016-nodish-bb-2.jpg,23
BAP024-nodish-wb-2.jpg,29
BAP016-dish-bb-1.jpg,21
BAP016-nodish-bb-5.jpg,36
BAP024-nodish-wb-3.jpg,30
BAP018-nodish-bb-1.jpg,26
BAP018-nodish-bb-3.jpg,28
BAP018-dish-bb-5.jpg,30
BTX623-nodish-bb-2.jpg,46
BAP381-2.jpg,17
BAP024-dish-bb-4.jpg,20
BAP016-dish-bb-2.jpg,36
BAP018-nodish-bb-2.jpg,24
BAP024-nodish-bb-1.jpg,13
BAP024-nodish-bb-3.jpg,20
BTX623-nodish-wb-2.jpg,19
BAP024-nodish-bb-2.jpg,20
BAP018-dish-bb-4.jpg,32
BAP024-dish-bb-5.jpg,19
BTX623-nodish-wb-3.jpg,25
BTX623-dish-bb-2.jpg,25
BTX623-nodish-wb-1.jpg,19
BAP024-nodish-wb-1.jpg,28
SAP1-1.jpg,22
BTX623-dish-bb-4.jpg,23
BAP024-dish-bb-3.jpg,18
SAP100-2.jpg,43
SAP102-1.jpg,24
BAP377-2.jpg,21
BTX623-dish-bb-5.jpg,18
BAP018-nodish-bb-5.jpg,32
BTX623-nodish-bb-3.jpg,75
SAP103-2.jpg,26
BTX623-dish-bb-1.jpg,22
SAP104-2.jpg,38
SAP105-1.jpg,32
SAP109-2.jpg,21
BAP018-dish-bb-2.jpg,32
BTX623-nodish-bb-5.jpg,28
BAP018-nodish-bb-4.jpg,27
SAP1-2.jpg,22
SAP10-1.jpg,29
SAP108-2.jpg,20
BAP016-dish-bb-5.jpg,20
SAP109-1.jpg,21
SAP13-1.jpg,23
SAP10-2.jpg,29
SAP16-2.jpg,29
SAP18-2.jpg,23
S82-1.jpg,21
SAP101-2.jpg,34
SAP16-1.jpg,27
SAP24-1.jpg,29
SAP17-1.jpg,27
SAP15-1.jpg,22
SAP19-1.jpg,26
SAP101-1.jpg,34
BTX623-nodish-bb-4.jpg,19
SAP100-1.jpg,40
SAP105-2.jpg,34
SAP110-2.jpg,28
SAP23-2.jpg,25
SAP22-2.jpg,24
SAP2-1.jpg,35
SAP110-1.jpg,27
SAP103-1.jpg,26
SAP104-1.jpg,38
SAP12-1.jpg,39
SAP13-2.jpg,22
SAP21-2.jpg,33
SAP17-2.jpg,27
SAP11-2.jpg,31
SAP18-1.jpg,23
SAP23-1.jpg,27
SAP11-1.jpg,31
SAP102-2.jpg,25
SAP27-1.jpg,26
SAP14-2.jpg,20
SAP12-2.jpg,39
SAP15-2.jpg,23
BTX623-nodish-bb-1.jpg,11
SAP19-2.jpg,26
SAP29-1.jpg,43
SAP3-2.jpg,17
SAP26-2.jpg,31
SAP35-2.jpg,29
SAP25-1.jpg,22
SAP31-2.jpg,20
SAP42-1.jpg,29
SAP31-1.jpg,19
BTX623-dish-bb-3.jpg,18
SAP3-1.jpg,17
SAP28-2.jpg,13
SAP32-2.jpg,28
SAP14-1.jpg,20
SAP34-1.jpg,25
SAP40-1.jpg,12
SAP38-2.jpg,18
SAP108-1.jpg,20
SAP38-1.jpg,18
SAP43-1.jpg,31
SAP42-2.jpg,25
SAP22-1.jpg,24
SAP44-1.jpg,15
SAP24-2.jpg,29
SAP46-1.jpg,13
SAP37-1.jpg,15
SAP47-1.jpg,23
SAP32-1.jpg,27
SAP21-1.jpg,33
SAP2-2.jpg,36
SAP4-1.jpg,28
SAP107-2.jpg,12
SAP25-2.jpg,19
SAP27-2.jpg,26
SAP48-2.jpg,35
SAP36-1.jpg,45
SAP30-1.jpg,40
SAP107-1.jpg,12
SAP5-2.jpg,32
SAP49-2.jpg,43
SAP26-1.jpg,31
SAP36-2.jpg,45
SAP40-2.jpg,13
SAP45-2.jpg,15
SAP52-1.jpg,23
SAP48-1.jpg,35
SAP35-1.jpg,29
SAP44-2.jpg,13
SAP30-2.jpg,40
SAP37-2.jpg,16
SAP53-1.jpg,19
SAP51-2.jpg,37
SAP28-1.jpg,12
SAP49-1.jpg,37
SAP52-2.jpg,25
SAP41-2.jpg,25
SAP54-2.jpg,21
SAP29-2.jpg,43
SAP39-2.jpg,30
SAP47-2.jpg,23
SAP55-1.jpg,30
SAP41-1.jpg,26
SAP45-1.jpg,20
SAP4-2.jpg,29
SAP58-1.jpg,28
SAP5-1.jpg,32
SAP56-2.jpg,30
SAP56-1.jpg,30
SAP61-2.jpg,25
SAP54-1.jpg,21
SAP34-2.jpg,23
SAP6-1.jpg,40
SAP58-2.jpg,29
SAP43-2.jpg,31
SAP57-2.jpg,28
SAP66-1.jpg,28
SAP65-2.jpg,27
SAP46-2.jpg,13
SAP59-2.jpg,32
SAP53-2.jpg,19
SAP7-2.jpg,20
SAP77-1.jpg,45
SAP68-1.jpg,29
SAP79-1.jpg,43
SAP51-1.jpg,34
SAP73-2.jpg,34
SAP61-1.jpg,25
SAP68-2.jpg,30
SAP71-2.jpg,23
SAP75-1.jpg,29
SAP76-1.jpg,34
SAP57-1.jpg,28
SAP70-1.jpg,18
SAP74-1.jpg,25
SAP72-2.jpg,23
SAP8-1.jpg,28
SAP69-1.jpg,23
SAP80-1.jpg,26
SAP65-1.jpg,27
SAP8-2.jpg,28
SAP59-1.jpg,33
SAP50-2.jpg,32
SAP55-2.jpg,31
SAP67-2.jpg,23
SAP82-1.jpg,29
SAP63-1.jpg,31
SAP89-1.jpg,37
SAP64-2.jpg,31
SAP6-2.jpg,40
SAP80-2.jpg,26
SAP83-2.jpg,19
SAP84-1.jpg,32
SAP82-2.jpg,21
SAP78-1.jpg,26
SAP87-1.jpg,40
SAP63-2.jpg,31
SAP74-2.jpg,26
SAP66-2.jpg,26
SAP64-1.jpg,32
SAP67-1.jpg,19
SAP69-2.jpg,23
SAP50-1.jpg,30
SAP72-1.jpg,23
SAP73-1.jpg,34
SAP81-1.jpg,18
SAP62-2.jpg,14
SAP71-1.jpg,22
SAP9-1.jpg,28
SAP70-2.jpg,20
SAP85-1.jpg,20
SAP77-2.jpg,43
SAP7-1.jpg,18
SAP9-2.jpg,31
SAP76-2.jpg,31
SAP62-1.jpg,13
SAP78-2.jpg,27
SAP79-2.jpg,45
SAP86-1.jpg,25
SAP91-1.jpg,25
SAP81-2.jpg,19
SAP85-2.jpg,21
SAP92-2.jpg,28
SAP84-2.jpg,31
SAP91-2.jpg,28
SAP111-1.jpg,29
SAP97-2.jpg,19
SAP83-1.jpg,20
SAP92-1.jpg,30
SAP115-2.jpg,29
SAP93-1.jpg,27
SAP94-1.jpg,19
SAP96-2.jpg,22
SAP88-1.jpg,25
SAP75-2.jpg,29
SAP113-1.jpg,24
SAP90-2.jpg,22
SAP127-1.jpg,6
SAP86-2.jpg,24
SAP90-1.jpg,22
SAP121-1.jpg,26
SAP111-2.jpg,26
SAP117-1.jpg,28
SAP88-2.jpg,26
SAP118-2.jpg,35
SAP96-1.jpg,22
SAP124-1.jpg,28
SAP89-2.jpg,32
SAP125-1.jpg,23
SAP123-2.jpg,24
SAP98-2.jpg,22
SAP125-2.jpg,23
SAP123-1.jpg,25
SAP116-1.jpg,28
SAP130-1.jpg,26
SAP97-1.jpg,18
SAP114-2.jpg,28
SAP130-2.jpg,23
SAP127-2.jpg,21
SAP128-2.jpg,22
SAP114-1.jpg,26
SAP99-2.jpg,14
SAP134-1.jpg,21
SAP131-2.jpg,20
SAP112-1.jpg,24
SAP94-2.jpg,19
SAP132-1.jpg,33
SAP87-2.jpg,43
SAP129-1.jpg,25
SAP118-1.jpg,36
SAP95-1.jpg,28
SAP119-1.jpg,40
SAP121-2.jpg,26
SAP112-2.jpg,19
SAP122-2.jpg,20
SAP132-2.jpg,33
SAP116-2.jpg,27
SAP128-1.jpg,23
SAP124-2.jpg,27
SAP137-1.jpg,17
SAP117-2.jpg,30
SAP120-2.jpg,19
SAP131-1.jpg,21
SAP120-1.jpg,19
SAP99-1.jpg,15
SAP95-2.jpg,27
SAP98-1.jpg,22
SAP115-1.jpg,27
SAP136-2.jpg,26
SAP113-2.jpg,25
SAP126-1.jpg,26
SAP122-1.jpg,20
SAP138-2.jpg,24
SAP126-2.jpg,26
SAP119-2.jpg,38
SAP137-2.jpg,16
SAP140-2.jpg,32
BAP368-2.jpg,20
SAP141-1.jpg,20
SAP133-1.jpg,32
SAP148-1.jpg,24
SAP149-1.jpg,21
SAP143-2.jpg,27
SAP146-2.jpg,19
SAP148-2.jpg,24
SAP134-2.jpg,25
SAP149-2.jpg,21
SAP143-1.jpg,27
SAP139-1.jpg,39
SAP146-1.jpg,26
SAP140-1.jpg,30
SAP136-1.jpg,28
SAP150-1.jpg,27
SAP151-2.jpg,16
SAP153-1.jpg,27
SAP145-2.jpg,18
SAP142-2.jpg,30
SAP139-2.jpg,39
SAP158-1.jpg,29
SAP144-1.jpg,18
SAP158-2.jpg,29
SAP142-1.jpg,27
SAP147-2.jpg,38
SAP138-1.jpg,23
SAP133-2.jpg,35
SAP164-2.jpg,46
SAP156-1.jpg,22
SAP167-1.jpg,21
SAP157-1.jpg,30
SAP135-2.jpg,42
SAP162-2.jpg,36
SAP153-2.jpg,27
SAP145-1.jpg,19
SAP169-1.jpg,31
SAP152-1.jpg,29
SAP135-1.jpg,44
SAP166-2.jpg,25
SAP129-2.jpg,25
SAP144-2.jpg,18
SAP155-1.jpg,34
SAP171-2.jpg,22
SAP172-1.jpg,26
SAP150-2.jpg,26
SAP157-2.jpg,30
SAP154-2.jpg,32
SAP154-1.jpg,31
SAP180-2.jpg,43
SAP185-1.jpg,19
SAP176-1.jpg,19
SAP171-1.jpg,22
SAP184-1.jpg,25
SAP155-2.jpg,34
SAP166-1.jpg,24
SAP178-1.jpg,20
SAP152-2.jpg,29
SAP168-1.jpg,20
SAP147-1.jpg,36
SAP168-2.jpg,18
SAP180-1.jpg,43
SAP177-2.jpg,35
SAP191-1.jpg,22
SAP178-2.jpg,20
SAP181-1.jpg,33
SAP162-1.jpg,35
SAP182-2.jpg,21
SAP173-1.jpg,26
SAP176-2.jpg,19
SAP172-2.jpg,26
SAP191-2.jpg,7
SAP192-1.jpg,31
SAP159-1.jpg,24
SAP184-2.jpg,25
SAP174-1.jpg,24
SAP151-1.jpg,16
SAP163-2.jpg,26
SAP188-2.jpg,23
SAP186-2.jpg,28
SAP156-2.jpg,23
SAP165-2.jpg,28
SAP189-2.jpg,21
SAP159-2.jpg,25
SAP206-1.jpg,33
SAP182-1.jpg,17
SAP174-2.jpg,23
SAP185-2.jpg,21
SAP188-1.jpg,19
SAP210-1.jpg,20
SAP196-1.jpg,23
SAP164-1.jpg,47
SAP195-1.jpg,22
SAP170-2.jpg,25
SAP181-2.jpg,35
SAP190-1.jpg,18
SAP197-1.jpg,41
SAP198-2.jpg,23
SAP195-2.jpg,22
SAP186-1.jpg,28
SAP194-2.jpg,23
SAP202-2.jpg,42
SAP190-2.jpg,18
SAP208-2.jpg,35
SAP205-1.jpg,18
SAP200-2.jpg,26
SAP204-1.jpg,17
SAP201-1.jpg,24
SAP196-2.jpg,23
SAP202-1.jpg,41
SAP192-2.jpg,25
SAP201-2.jpg,27
SAP183-1.jpg,19
SAP211-1.jpg,16
SAP206-2.jpg,36
SAP189-1.jpg,21
SAP204-2.jpg,17
SAP187-1.jpg,20
SAP183-2.jpg,17
SAP208-1.jpg,39
SAP198-1.jpg,21
SAP205-2.jpg,17
SAP170-1.jpg,27
SAP197-2.jpg,35
SAP193-2.jpg,26
SAP187-2.jpg,22
SAP199-2.jpg,18
SAP193-1.jpg,22
SAP213-1.jpg,17
SAP217-2.jpg,36
SAP219-2.jpg,23
SAP213-2.jpg,17
SAP194-1.jpg,25
SAP228-2.jpg,9
SAP220-1.jpg,25
SAP223-1.jpg,20
SAP221-1.jpg,26
SAP211-2.jpg,18
SAP209-1.jpg,28
SAP224-1.jpg,35
SAP199-1.jpg,18
SAP227-2.jpg,21
SAP222-1.jpg,21
SAP223-2.jpg,21
SAP207-1.jpg,36
SAP219-1.jpg,23
SAP200-1.jpg,25
SAP207-2.jpg,35
SAP225-2.jpg,25
SAP216-2.jpg,8
SAP229-2.jpg,14
SAP227-1.jpg,21
SAP210-2.jpg,21
SAP228-1.jpg,20
SAP224-2.jpg,36
SAP222-2.jpg,21
SAP233-1.jpg,22
SAP212-1.jpg,27
SAP230-1.jpg,18
SAP214-2.jpg,36
SAP215-1.jpg,19
SAP212-2.jpg,27
SAP221-2.jpg,27
SAP241-1.jpg,14
SAP241-2.jpg,13
SAP235-2.jpg,29
SAP240-2.jpg,38
SAP234-1.jpg,25
SAP243-2.jpg,21
SAP246-1.jpg,18
SAP233-2.jpg,25
SAP215-2.jpg,19
SAP246-2.jpg,18
SAP245-2.jpg,23
SAP242-2.jpg,32
SAP242-1.jpg,32
SAP214-1.jpg,38
SAP245-1.jpg,24
SAP240-1.jpg,35
SAP226-2.jpg,9
SAP248-1.jpg,12
SAP237-2.jpg,20
SAP247-1.jpg,28
SAP251-1.jpg,29
SAP230-2.jpg,18
SAP236-2.jpg,20
SAP237-1.jpg,19
SAP255-2.jpg,29
SAP225-1.jpg,24
SAP239-1.jpg,25
SAP249-2.jpg,39
SAP255-1.jpg,28
SAP229-1.jpg,14
SAP253-2.jpg,34
SAP238-1.jpg,21
SAP249-1.jpg,41
SAP247-2.jpg,26
SAP244-2.jpg,21
SAP232-2.jpg,19
SAP254-2.jpg,23
SAP234-2.jpg,27
SAP256-2.jpg,37
SAP252-1.jpg,27
SAP257-1.jpg,32
SAP265-1.jpg,23
SAP265-2.jpg,25
SAP260-1.jpg,18
SAP259-1.jpg,40
SAP258-2.jpg,34
SAP244-1.jpg,21
SAP239-2.jpg,23
SAP268-1.jpg,36
SAP267-1.jpg,18
SAP253-1.jpg,33
SAP238-2.jpg,23
SAP262-1.jpg,24
SAP254-1.jpg,23
SAP272-1.jpg,24
SAP267-2.jpg,19
SAP263-2.jpg,35
SAP257-2.jpg,32
SAP270-1.jpg,11
SAP243-1.jpg,21
SAP248-2.jpg,12
SAP268-2.jpg,34
SAP270-2.jpg,13
SAP280-1.jpg,12
SAP269-2.jpg,28
SAP281-1.jpg,23
SAP258-1.jpg,36
SAP276-1.jpg,24
SAP261-2.jpg,21
SAP274-1.jpg,31
SAP279-2.jpg,26
SAP278-1.jpg,35
SAP260-2.jpg,18
SAP277-2.jpg,26
SAP235-1.jpg,31
SAP259-2.jpg,40
SAP263-1.jpg,35
SAP252-2.jpg,23
SAP251-2.jpg,29
SAP261-1.jpg,22
SAP273-1.jpg,21
SAP256-1.jpg,39
SAP286-1.jpg,28
SAP209-2.jpg,28
SAP284-1.jpg,29
SAP220-2.jpg,25
SAP271-1.jpg,23
SAP283-1.jpg,28
SAP285-2.jpg,20
SAP286-2.jpg,31
SAP280-2.jpg,12
SAP293-2.jpg,16
SAP290-2.jpg,17
SAP284-2.jpg,28
SAP290-1.jpg,17
SAP295-1.jpg,29
SAP262-2.jpg,26
SAP285-1.jpg,35
SAP297-1.jpg,23
SAP282-1.jpg,33
SAP273-2.jpg,22
SAP293-1.jpg,17
SAP287-2.jpg,26
SAP288-1.jpg,24
SAP287-1.jpg,25
SAP272-2.jpg,22
SAP294-1.jpg,14
SAP271-2.jpg,24
SAP276-2.jpg,23
SAP281-2.jpg,22
SAP295-2.jpg,36
SAP300-2.jpg,27
SAP277-1.jpg,25
SAP289-1.jpg,24
SAP291-2.jpg,17
SAP301-2.jpg,29
SAP300-1.jpg,28
SAP274-2.jpg,32
SAP303-1.jpg,18
SAP296-2.jpg,27
SAP269-1.jpg,32
SAP279-1.jpg,26
SAP299-2.jpg,18
SAP302-2.jpg,20
SAP307-1.jpg,29
SAP308-2.jpg,26
SAP294-2.jpg,13
SAP298-1.jpg,26
SAP310-1.jpg,29
SAP283-2.jpg,28
SAP314-1.jpg,12
SAP306-1.jpg,26
SAP313-2.jpg,34
SAP315-1.jpg,20
SAP311-1.jpg,16
SAP297-2.jpg,23
SAP312-1.jpg,19
SAP301-1.jpg,31
SAP282-2.jpg,32
SAP304-1.jpg,19
SAP309-2.jpg,20
SAP288-2.jpg,25
SAP302-1.jpg,23
SAP314-2.jpg,12
SAP305-1.jpg,25
SAP321-1.jpg,21
SAP299-1.jpg,17
SAP328-1.jpg,26
SAP325-2.jpg,23
SAP298-2.jpg,26
SAP318-2.jpg,27
SAP289-2.jpg,26
SAP320-1.jpg,36
SAP304-2.jpg,18
SAP326-2.jpg,18
SAP327-2.jpg,29
SAP322-2.jpg,32
SAP316-2.jpg,14
SAP321-2.jpg,21
SAP332-1.jpg,22
SAP316-1.jpg,14
SAP315-2.jpg,21
SAP310-2.jpg,26
SAP331-2.jpg,20
SAP318-1.jpg,29
SAP320-2.jpg,34
SAP332-2.jpg,23
SAP329-1.jpg,37
SAP313-1.jpg,34
SAP333-1.jpg,20
SAP305-2.jpg,25
SAP325-1.jpg,22
SAP307-2.jpg,29
SAP312-2.jpg,18
SAP329-2.jpg,38
SAP306-2.jpg,27
SAP336-1.jpg,15
SAP331-1.jpg,20
SAP336-2.jpg,15
SAP324-2.jpg,24
SAP335-2.jpg,26
SAP319-2.jpg,21
SAP322-1.jpg,32
SAP337-1.jpg,30
SAP341-2.jpg,20
SAP338-1.jpg,22
SAP324-1.jpg,24
SAP303-2.jpg,17
SAP319-1.jpg,21
SAP311-2.jpg,14
SAP326-1.jpg,18
SAP327-1.jpg,29
SAP346-1.jpg,25
SAP330-2.jpg,34
SAP335-1.jpg,33
SAP328-2.jpg,28
SAP345-2.jpg,20
SAP323-2.jpg,28
SAP333-2.jpg,18
SAP350-1.jpg,32
SAP343-1.jpg,14
SAP349-2.jpg,21
SAP344-1.jpg,35
SAP334-1.jpg,35
SAP349-1.jpg,21
SAP348-2.jpg,33
SAP347-2.jpg,30
SAP354-2.jpg,26
SAP352-2.jpg,15
SAP323-1.jpg,32
SAP334-2.jpg,35
SAP337-2.jpg,28
SAP356-1.jpg,32
SAP350-2.jpg,33
SAP361-1.jpg,30
SAP362-1.jpg,25
SAP360-1.jpg,12
SAP339-1.jpg,22
SAP355-2.jpg,30
SAP351-2.jpg,24
SAP354-1.jpg,26
SAP343-2.jpg,14
SAP330-1.jpg,32
SAP366-1.jpg,27
SAP353-2.jpg,25
SAP372-1.jpg,21
SAP364-1.jpg,29
SAP339-2.jpg,22
SAP345-1.jpg,19
SAP360-2.jpg,12
SAP347-1.jpg,33
SAP359-1.jpg,16
SAP341-1.jpg,20
SAP358-2.jpg,7
SAP364-2.jpg,27
SAP342-1.jpg,16
SAP367-1.jpg,25
SAP367-2.jpg,25
SAP342-2.jpg,17
SAP352-1.jpg,22
SAP361-2.jpg,32
SAP357-2.jpg,25
SAP340-1.jpg,18
SAP353-1.jpg,26
SAP363-1.jpg,26
SAP371-1.jpg,28
SAP346-2.jpg,30
SAP348-1.jpg,25
SAP369-1.jpg,16
SAP351-1.jpg,26
SAP376-1.jpg,38
SAP373-2.jpg,33
SAP371-2.jpg,27
SAP363-2.jpg,24
SAP372-2.jpg,25
SAP377-2.jpg,31
SAP377-1.jpg,31
SAP374-2.jpg,25
SAP355-1.jpg,29
SAP358-1.jpg,22
SAP374-1.jpg,23
SAP381-1.jpg,28
SAP380-2.jpg,22
SAP365-1.jpg,13
SAP376-2.jpg,35
SAP356-2.jpg,37
SAP383-2.jpg,29
SAP344-2.jpg,37
SAP373-1.jpg,34
SAP390-1.jpg,23
SAP308-1.jpg,26
SAP370-2.jpg,35
SAP357-1.jpg,25
SAP380-1.jpg,23
SAP381-2.jpg,23
SAP386-2.jpg,23
SAP309-1.jpg,21
SAP359-2.jpg,16
SAP391-2.jpg,27
SAP368-1.jpg,31
SAP366-2.jpg,29
SAP375-1.jpg,15
SAP369-2.jpg,16
SAP396-1.jpg,26
SAP390-2.jpg,23
BAP008-2.jpg,6
SAP387-1.jpg,23
SAP385-2.jpg,26
SAP382-2.jpg,20
SAP378-2.jpg,25
SAP388-2.jpg,37
SAP393-1.jpg,5
SAP396-2.jpg,23
SAP368-2.jpg,31
SAP340-2.jpg,20
SAP398-1.jpg,27
BA022-1.jpg,16
SAP397-1.jpg,38
SAP384-2.jpg,37
SAP383-1.jpg,32
BAP002-2.jpg,48
BAP002-1.jpg,48
SAP385-1.jpg,28
SAP382-1.jpg,17
BAP007-1.jpg,33
BAP004-1.jpg,43
BAP004-2.jpg,48
SAP387-2.jpg,26
SAP365-2.jpg,15
SAP378-1.jpg,20
BAP001-2.jpg,52
BAP005-1.jpg,55
BAP010-1.jpg,34
BAP009-2.jpg,29
BAP011-1.jpg,18
SAP395-2.jpg,31
BAP020-1.jpg,20
SAP386-1.jpg,23
BAP003-2.jpg,47
SAP392-2.jpg,29
BAP013-2.jpg,31
BAP007-2.jpg,33
BAP006-2.jpg,41
BAP016-1.jpg,28
SAP398-2.jpg,26
BAP017-2.jpg,26
SAP389-2.jpg,32
BAP013-1.jpg,32
BAP025-2.jpg,12
SAP392-1.jpg,30
BAP014-2.jpg,35
SAP389-1.jpg,34
SAP388-1.jpg,33
BAP003-1.jpg,49
BAP019-1.jpg,30
SAP384-1.jpg,39
BAP008-1.jpg,26
BAP018-2.jpg,37
BAP019-2.jpg,31
SAP375-2.jpg,17
BAP025-1.jpg,24
BAP021-1.jpg,36
BAP009-1.jpg,31
SAP397-2.jpg,37
SAP391-1.jpg,28
BAP010-2.jpg,39
BAP014-1.jpg,36
BAP027-2.jpg,24
BAP026-2.jpg,20
BAP020-2.jpg,24
BAP016-2.jpg,28
BAP028-1.jpg,12
BAP006-1.jpg,42
BAP012-1.jpg,30
BAP030-1.jpg,26
BAP022-2.jpg,16
BAP030-2.jpg,24
BAP023-1.jpg,26
BAP023-2.jpg,27
BAP031-1.jpg,33
BAP035-1.jpg,36
BAP035-2.jpg,35
BAP005-2.jpg,51
BAP027-1.jpg,28
BAP034-2.jpg,29
BAP040-1.jpg,25
BAP015-2.jpg,19
BAP036-2.jpg,34
BAP012-2.jpg,30
BAP033-2.jpg,28
BAP042-1.jpg,39
BAP039-1.jpg,42
BAP021-2.jpg,37
BAP029-1.jpg,31
BAP042-2.jpg,40
BAP017-1.jpg,25
BAP046-1.jpg,32
BAP018-1.jpg,37
BAP032-2.jpg,28
BAP047-2.jpg,24
BAP048-1.jpg,25
BAP024-2.jpg,39
BAP044-1.jpg,38
BAP038-2.jpg,10
BAP039-2.jpg,34
BAP049-1.jpg,31
BAP043-1.jpg,30
BAP036-1.jpg,41
BAP054-2.jpg,25
BAP038-1.jpg,14
BAP032-1.jpg,30
BAP037-1.jpg,29
BAP062-1.jpg,36
BAP053-2.jpg,21
BAP049-2.jpg,31
BAP051-2.jpg,22
BAP024-1.jpg,39
BAP029-2.jpg,31
BAP034-1.jpg,30
BAP059-1.jpg,38
BAP054-1.jpg,22
BAP033-1.jpg,28
BAP047-1.jpg,25
BAP057-1.jpg,44
BAP026-1.jpg,20
BAP037-2.jpg,30
BAP028-2.jpg,12
BAP055-2.jpg,27
BAP040-2.jpg,22
BAP062-2.jpg,40
BAP043-2.jpg,30
BAP064-1.jpg,27
BAP041-1.jpg,27
BAP064-2.jpg,26
BAP045-2.jpg,28
BAP031-2.jpg,37
BAP057-2.jpg,45
BAP045-1.jpg,31
BAP052-2.jpg,39
BAP053-1.jpg,34
BAP068-2.jpg,34
BAP044-2.jpg,40
BAP050-2.jpg,13
BAP058-2.jpg,53
BAP066-1.jpg,22
BAP063-2.jpg,33
BAP068-1.jpg,34
BAP060-2.jpg,42
BAP069-2.jpg,38
BAP050-1.jpg,12
BAP052-1.jpg,36
BAP072-1.jpg,50
BAP070-2.jpg,29
BAP041-2.jpg,26
BAP059-2.jpg,38
BAP061-1.jpg,55
BAP055-1.jpg,25
BAP056-1.jpg,32
BAP074-1.jpg,41
BTX623-1.jpg,30
BAP071-1.jpg,71
BAP048-2.jpg,26
BAP075-2.jpg,15
BAP080-1.jpg,24
BAP067-1.jpg,28
BAP072-2.jpg,53
BAP071-2.jpg,69
BAP077-2.jpg,43
BAP075-1.jpg,29
BAP076-2.jpg,40
BAP065-1.jpg,14
BAP058-1.jpg,52
BAP073-1.jpg,24
BTX623-2.jpg,30
BAP078-1.jpg,26
BAP046-2.jpg,31
BAP083-2.jpg,30
BAP051-1.jpg,23
BAP066-2.jpg,22
BAP060-1.jpg,44
BAP015-1.jpg,17
BAP056-2.jpg,21
BAP082-1.jpg,56
BAP082-2.jpg,32
BAP011-2.jpg,19
BAP084-2.jpg,26
BAP085-2.jpg,30
BAP080-2.jpg,25
BAP070-1.jpg,28
BAP063-1.jpg,25
BAP090-1.jpg,16
BAP079-1.jpg,29
BAP094-1.jpg,30
BAP069-1.jpg,38
BAP093-1.jpg,24
BAP081-2.jpg,29
BAP092-2.jpg,33
BAP074-2.jpg,41
BAP076-1.jpg,50
BAP098-1.jpg,48
BAP061-2.jpg,79
BAP094-2.jpg,28
BAP067-2.jpg,23
BAP065-2.jpg,13
BAP073-2.jpg,26
BAP100-2.jpg,26
BAP087-1.jpg,40
BAP103-1.jpg,22
BAP107-1.jpg,47
BAP092-1.jpg,32
BAP079-2.jpg,28
BAP106-2.jpg,50
BAP088-2.jpg,28
BAP101-2.jpg,31
BAP078-2.jpg,28
BAP102-2.jpg,28
BAP104-1.jpg,23
BAP081-1.jpg,12
BAP100-1.jpg,28
BAP098-2.jpg,50
BAP089-1.jpg,32
BAP095-2.jpg,66
BAP093-2.jpg,26
BAP084-1.jpg,25
SAP065-1.jpg,32
BAP090-2.jpg,16
BAP087-2.jpg,40
SAP004-1.jpg,25
BAP103-2.jpg,14
BAP104-2.jpg,25
SAP160-1.jpg,35
BAP085-1.jpg,30
BAP101-1.jpg,31
BAP109-2.jpg,46
SAP065-2.jpg,24
SAP106-2.jpg,43
BAP099-2.jpg,44
BAP108-2.jpg,29
BAP089-2.jpg,29
BAP083-1.jpg,31
BAP102-1.jpg,28
BAP099-1.jpg,44
SAP160-2.jpg,32
BAP110-2.jpg,21
BAP091-2.jpg,16
SAP177-1.jpg,32
SAP175-1.jpg,24
SAP217-1.jpg,27
SAP236-1.jpg,13
SAP264-2.jpg,31
SAP231-2.jpg,15
SAP179-2.jpg,30
SAP006-2.jpg,36
BAP106-1.jpg,41
SAP203-1.jpg,47
BAP109-1.jpg,39
SAP218-1.jpg,26
SAP370-1.jpg,18
SAP291-1.jpg,24
BAP107-2.jpg,50
SAP226-1.jpg,14
SAP250-1.jpg,24
BAP108-1.jpg,28
SAP317-2.jpg,35
SAP179-1.jpg,33
BAP105-2.jpg,15
SAP60-1.jpg,6
BAP086-2.jpg,29
SAP231-1.jpg,15
BAP095-1.jpg,65
SAP379-1.jpg,55
SAP292-1.jpg,41
SAP161-1.jpg,35
SAP060-1.jpg,6
SAP275-2.jpg,26
SAP005-2.jpg,41
BAP105-1.jpg,16
SAP379-2.jpg,51
SAP394-1.jpg,32
SAP004-2.jpg,23
SAP216-1.jpg,13
SAP203-2.jpg,43
SAP60-2.jpg,6
SAP006-1.jpg,38
SAP163-1.jpg,45
SAP161-2.jpg,33
SAP218-2.jpg,26
SAP175-2.jpg,23
SAP292-2.jpg,37
BAP110-1.jpg,40
SAP317-1.jpg,31
SAP394-2.jpg,27
SAP250-2.jpg,22
SAP275-1.jpg,26
SAP395-1.jpg,14
SAP106-1.jpg,33
SAP005-1.jpg,37
BAP128-2.jpg,18
BAP305-2.jpg,20
BAP131-2.jpg,23
BAP111-1.jpg,22
BAP177-1.jpg,16
BAP247-1.jpg,17
BAP175-2.jpg,14
BAP155-2.jpg,20
BAP280-2.jpg,24
BAP279-1.jpg,17
BAP275-2.jpg,22
BAP163-2.jpg,22
BAP217-2.jpg,28
BAP286-2.jpg,23
BAP235-2.jpg,23
BAP304-1.jpg,28
BAP304-2.jpg,29
BAP165-1.jpg,42
BAP266-2.jpg,16
BAP354-1.jpg,22
BAP353-1.jpg,20
BAP287-1.jpg,16
BAP362-2.jpg,22
BAP272-1.jpg,16
BAP366-1.jpg,18
BAP365-2.jpg,22
BAP367-2.jpg,23
SAP93-2.jpg,27
SAP264-1.jpg,33
SAP141-2.jpg,20
SAP167-2.jpg,22
SAP173-2.jpg,26
SAP165-1.jpg,28
BAP001-1.jpg,53
BAP375-1.jpg,22
SAP338-2.jpg,22
BAP088-1.jpg,27
BAP077-1.jpg,42
SAP169-2.jpg,34
BAP086-1.jpg,32
BAP091-1.jpg,14
BAP345-1.jpg,14
BAP221-2.jpg,20
